state,name,website_url
AZ,Papago Vans,https://papagovans.com/
AZ,Tommy Camper Vans,https://www.tommycampervans.com/
AZ,New Life Conversions,https://www.newlifeconversions.com/
AZ,Boho Camper Vans,https://www.boho.life/
AZ,Redpoint Van Conversions,https://redpointconversions.com/
AZ,Wylder Off Road Design,https://wylderoffroaddesign.com/
AZ,Mountain View Adventure Vehicles,https://mvav.co/
AZ,Pendulum Vans,https://pendulumvans.com/
AZ,ACI Vans,https://www.acivans.com/
AZ,Action Van,https://www.actionvan.com/
AZ,Sportsmobile Arizona,https://sportsmobile.com/
CO,Vanlife Customs,https://vanlifecustoms.com/
CO,Vansmith,https://thevansmith.com/
CO,Titan Vans,https://www.titanvans.com/
CO,Colorado Camper Van,https://www.coloradocampervan.com/
CO,Boulder Camper Vans,https://www.bouldercampervans.com/
CO,Colorado Adventure Vans,https://www.coadventurevans.com/
CO,Contravans,https://www.contravans.com/
CO,Vanworks,https://vanworks.com/
CO,Geotrek,https://geotrekvans.com/
CO,Out There Vans,https://outtherevans.com/
CO,Voyager Vans,https://www.voyagervanlife.com/
CO,Renegade Vans,https://renegadevans.com/
CO,Flippin Vans,https://www.flippinvans.com/
CO,Aspen Custom Vans,https://www.aspencustomvans.com/
CO,Tourig,https://mytourig.com/
CO,Vanlab Durango,https://www.vanlabdurango.com/
CO,Wanderful Wheels,https://wanderfulwheels.com/
CO,DM Vans,https://dmvans.com/
CO,Rossmonster,https://rossmonster.com/
CO,Wayfarer Vans,https://wayfarervans.com/
CO,Viking Van Customs,https://vikingvancustoms.com/
CO,Venturhaus,https://venturhaus.com/
CO,Compass Rose Creations,https://www.compassrosecreationsllc.com/
CO,AVC Rig,https://avcrig.com/
CT,Live A Little Vans,https://www.livealittlevans.com/
CT,Custom Camper Inc,https://customcamperinc.com/
FL,Mango Vans,https://www.mangovans.com/
FL,Modern Times Van Co,https://www.moderntimesvanco.com/
FL,Freedom Vango,https://www.freedomvango.com/
FL,Groove Vans,https://www.groovevans.net/
FL,Custom Coach Creations,https://customcoachcreations.com/
FL,Beachside Custom Vans,https://www.beachsidecustomvans.com/
FL,Our Van Quest,https://www.ourvanquest.com/
FL,Van Conversion Shop,https://vanconversionshop.com/
FL,Woodpecker Crafts and Builds,https://woodpeckercraftsandbuilds.com/
